GROUP,PACKAGE,CLASS,INSTRUCTION_MISSED,INSTRUCTION_COVERED,BRANCH_MISSED,BRANCH_COVERED,LINE_MISSED,LINE_COVERED,COMPLEXITY_MISSED,COMPLEXITY_COVERED,METHOD_MISSED,METHOD_COVERED,,Mutation_Score
Apache Commons Collections,org.apache.commons.collections4.keyvalue,TiedMapEntry,3,106,5,17,1,21,5,13,0,7,,90
Apache Commons Collections,org.apache.commons.collections4.keyvalue,AbstractMapEntry,0,70,1,19,0,13,1,13,0,4,,#N/A
Apache Commons Collections,org.apache.commons.collections4.keyvalue,UnmodifiableMapEntry,0,24,0,0,0,7,0,4,0,4,,#N/A
Apache Commons Collections,org.apache.commons.collections4.keyvalue,AbstractKeyValue,0,44,0,0,0,17,0,6,0,6,,#N/A
Apache Commons Collections,org.apache.commons.collections4.keyvalue,MultiKey,3,330,2,18,1,66,2,28,0,20,,91
Apache Commons Collections,org.apache.commons.collections4.keyvalue,DefaultMapEntry,0,19,0,0,0,6,0,3,0,3,,#N/A
Apache Commons Collections,org.apache.commons.collections4.keyvalue,DefaultKeyValue,3,111,5,19,1,24,5,16,0,9,,90
Apache Commons Collections,org.apache.commons.collections4.keyvalue,AbstractMapEntryDecorator,6,37,1,1,2,10,2,7,1,7,,#N/A
Apache Commons Collections,org.apache.commons.collections4.splitmap,TransformedSplitMap,14,96,1,3,5,21,3,10,2,9,,64
Apache Commons Collections,org.apache.commons.collections4.splitmap,AbstractIterableGetMapDecorator,17,62,1,1,4,17,4,13,3,13,,#N/A
Apache Commons Collections,org.apache.commons.collections4.collection,AbstractCollectionDecorator,3,85,0,0,2,22,1,18,1,18,,#N/A
Apache Commons Collections,org.apache.commons.collections4.collection,TransformedCollection,0,98,1,5,0,19,1,9,0,7,,92
Apache Commons Collections,org.apache.commons.collections4.collection,IndexedCollection,8,234,2,28,2,65,3,29,1,16,,88
Apache Commons Collections,org.apache.commons.collections4.collection,UnmodifiableBoundedCollection,24,81,4,8,6,22,6,14,2,12,,53
Apache Commons Collections,org.apache.commons.collections4.collection,PredicatedCollection,0,90,0,6,0,18,0,10,0,7,,100
Apache Commons Collections,org.apache.commons.collections4.collection,CompositeCollection,46,395,1,59,12,100,6,50,5,21,,74
Apache Commons Collections,org.apache.commons.collections4.collection,SynchronizedCollection,0,239,1,5,0,47,1,23,0,21,,96
Apache Commons Collections,org.apache.commons.collections4.collection,PredicatedCollection,22,147,1,5,6,35,3,14,2,12,,100
Apache Commons Collections,org.apache.commons.collections4.collection,UnmodifiableCollection,0,49,0,2,0,14,0,11,0,10,,100
Apache Commons Collections,org.apache.commons.collections4.comparators,TransformingComparator,14,101,9,13,0,22,7,9,0,5,,57
Apache Commons Collections,org.apache.commons.collections4.comparators,ReverseComparator,8,46,2,6,3,12,3,6,1,4,,73
Apache Commons Collections,org.apache.commons.collections4.comparators,BooleanComparator,7,79,1,13,1,17,2,15,1,9,,76
Apache Commons Collections,org.apache.commons.collections4.comparators,ComparableComparator,0,33,0,6,0,8,0,9,0,6,,71
Apache Commons Collections,org.apache.commons.collections4.comparators,FixedOrderComparator,0,34,0,0,0,2,0,1,0,1,,62
Apache Commons Collections,org.apache.commons.collections4.comparators,FixedOrderComparator,46,320,18,40,3,54,16,26,0,12,,62
Apache Commons Collections,org.apache.commons.collections4.comparators,NullComparator,28,74,7,15,8,19,9,9,3,4,,43
Apache Commons Collections,org.apache.commons.collections4.comparators,ComparatorChain,70,219,15,27,19,58,18,21,6,12,,54
Apache Commons Collections,org.apache.commons.collections4.properties,AbstractPropertiesFactory,2,112,1,5,1,27,1,12,0,10,,#N/A
Apache Commons Collections,org.apache.commons.collections4.properties,PropertiesFactory,0,14,0,0,0,3,0,2,0,2,,100
Apache Commons Collections,org.apache.commons.collections4.properties,SortedPropertiesFactory,0,9,0,0,0,2,0,2,0,2,,100
Apache Commons Collections,org.apache.commons.collections4.properties,SortedProperties,0,35,0,2,0,8,0,3,0,2,,67
Apache Commons Collections,org.apache.commons.collections4.properties,PropertiesFactory,5,219,0,4,3,74,2,45,2,43,,100
Apache Commons Collections,org.apache.commons.collections4.properties,AbstractPropertiesFactory,0,35,0,2,0,4,0,3,0,2,,#N/A
Apache Commons Collections,org.apache.commons.collections4.sequence,KeepCommand,0,9,0,0,0,4,0,2,0,2,,100
Apache Commons Collections,org.apache.commons.collections4.sequence,DeleteCommand,0,9,0,0,0,4,0,2,0,2,,100
Apache Commons Collections,org.apache.commons.collections4.sequence,SequencesComparator,5,558,3,79,1,79,3,44,0,6,,95
Apache Commons Collections,org.apache.commons.collections4.sequence,SequencesComparator,0,21,0,0,0,8,0,4,0,4,,95
Apache Commons Collections,org.apache.commons.collections4.sequence,ReplacementsFinder,65,0,4,0,17,0,6,0,4,0,,0
Apache Commons Collections,org.apache.commons.collections4.sequence,EditCommand,0,9,0,0,0,4,0,2,0,2,,100
Apache Commons Collections,org.apache.commons.collections4.sequence,InsertCommand,0,9,0,0,0,4,0,2,0,2,,100
Apache Commons Collections,org.apache.commons.collections4.sequence,EditScript,3,69,0,2,1,19,1,7,1,6,,71
Apache Commons Collections,org.apache.commons.collections4.trie.analyzer,StringKeyAnalyzer,15,174,10,24,4,36,11,14,1,7,,0
Apache Commons Collections,org.apache.commons.collections4.bag,AbstractMapBag,15,623,8,74,3,163,8,60,0,27,,#N/A
Apache Commons Collections,org.apache.commons.collections4.bag,PredicatedBag,0,55,0,4,0,11,0,11,0,9,,18
Apache Commons Collections,org.apache.commons.collections4.bag,SynchronizedBag,5,98,0,2,2,19,1,10,1,9,,10
Apache Commons Collections,org.apache.commons.collections4.bag,AbstractMapBag,4,112,1,13,1,26,1,10,0,4,,#N/A
Apache Commons Collections,org.apache.commons.collections4.bag,PredicatedSortedBag,0,27,0,0,0,7,0,6,0,6,,20
Apache Commons Collections,org.apache.commons.collections4.bag,AbstractSortedBagDecorator,7,16,0,0,3,5,2,4,2,4,,#N/A
Apache Commons Collections,org.apache.commons.collections4.bag,UnmodifiableSortedBag,12,65,0,2,3,20,3,13,3,12,,33
Apache Commons Collections,org.apache.commons.collections4.bag,SynchronizedBag,0,8,0,0,0,3,0,1,0,1,,10
Apache Commons Collections,org.apache.commons.collections4.bag,AbstractBagDecorator,9,39,0,4,3,8,2,9,2,7,,#N/A
Apache Commons Collections,org.apache.commons.collections4.bag,SynchronizedSortedBag,42,9,0,0,9,3,5,2,5,2,,20
Apache Commons Collections,org.apache.commons.collections4.bag,TransformedSortedBag,4,62,1,3,1,13,2,7,1,6,,8
Apache Commons Collections,org.apache.commons.collections4.bag,TransformedBag,0,98,1,7,0,18,1,13,0,10,,6
Apache Commons Collections,org.apache.commons.collections4.bag,AbstractMapBag,18,6,4,0,4,3,4,1,2,1,,#N/A
Apache Commons Collections,org.apache.commons.collections4.bag,TreeBag,7,82,0,4,3,20,1,11,1,9,,42
Apache Commons Collections,org.apache.commons.collections4.bag,CollectionBag,11,134,3,21,2,42,3,20,0,11,,79
Apache Commons Collections,org.apache.commons.collections4.bag,CollectionSortedBag,11,134,3,21,2,42,3,20,0,11,,75
Apache Commons Collections,org.apache.commons.collections4.bag,UnmodifiableBag,12,67,0,2,3,21,3,13,3,12,,33
Apache Commons Collections,org.apache.commons.collections4.bag,HashBag,0,28,0,0,0,11,0,4,0,4,,50
Apache Commons Collections,org.apache.commons.collections4.bloomfilter.hasher.function,MD5Cyclic,7,83,0,2,2,23,0,8,0,7,,70
Apache Commons Collections,org.apache.commons.collections4.bloomfilter.hasher.function,Signatures,0,6,0,0,0,1,0,1,0,1,,100
Apache Commons Collections,org.apache.commons.collections4.bloomfilter.hasher.function,ObjectsHashIterative,0,46,0,2,0,14,0,8,0,7,,82
Apache Commons Collections,org.apache.commons.collections4.bloomfilter.hasher.function,Murmur128x64Cyclic,0,51,0,4,0,13,0,9,0,7,,78
Apache Commons Collections,org.apache.commons.collections4.bloomfilter.hasher.function,Murmur32x86Iterative,0,26,0,0,0,9,0,7,0,7,,67
Apache Commons Collections,org.apache.commons.collections4.trie,AbstractPatriciaTrie,43,134,10,24,7,30,11,16,1,9,,#N/A
Apache Commons Collections,org.apache.commons.collections4.trie,AbstractPatriciaTrie,0,81,0,6,0,15,0,6,0,3,,#N/A
Apache Commons Collections,org.apache.commons.collections4.trie,AbstractPatriciaTrie,0,12,0,0,0,2,0,2,0,2,,#N/A
Apache Commons Collections,org.apache.commons.collections4.trie,AbstractPatriciaTrie,131,152,25,25,16,30,18,21,4,10,,#N/A
Apache Commons Collections,org.apache.commons.collections4.trie,AbstractPatriciaTrie,0,41,0,2,0,9,0,7,0,6,,#N/A
Apache Commons Collections,org.apache.commons.collections4.trie,AbstractPatriciaTrie,4,101,1,9,1,25,1,10,0,6,,#N/A
Apache Commons Collections,org.apache.commons.collections4.trie,AbstractPatriciaTrie,38,212,8,18,6,35,8,10,0,5,,#N/A
Apache Commons Collections,org.apache.commons.collections4.trie,AbstractPatriciaTrie,0,48,0,10,0,8,0,8,0,3,,#N/A
Apache Commons Collections,org.apache.commons.collections4.trie,AbstractPatriciaTrie,2,172,1,27,1,39,1,19,0,6,,#N/A
Apache Commons Collections,org.apache.commons.collections4.trie,AbstractPatriciaTrie,2,62,1,9,1,15,1,10,0,6,,#N/A
Apache Commons Collections,org.apache.commons.collections4.trie,KeyAnalyzer,21,26,8,6,3,7,8,5,2,4,,0
Apache Commons Collections,org.apache.commons.collections4.trie,UnmodifiableTrie,27,117,0,2,6,28,5,23,5,22,,13
Apache Commons Collections,org.apache.commons.collections4.trie,AbstractPatriciaTrie,0,12,0,0,0,2,0,2,0,2,,#N/A
Apache Commons Collections,org.apache.commons.collections4.trie,PatriciaTrie,7,6,0,0,2,2,1,1,1,1,,#N/A
Apache Commons Collections,org.apache.commons.collections4.trie,AbstractPatriciaTrie,0,11,0,0,0,2,0,2,0,2,,#N/A
Apache Commons Collections,org.apache.commons.collections4.trie,AbstractPatriciaTrie,26,31,3,3,6,8,3,4,1,3,,#N/A
Apache Commons Collections,org.apache.commons.collections4.trie,AbstractBitwiseTrie,23,73,2,10,5,21,4,11,2,7,,#N/A
Apache Commons Collections,org.apache.commons.collections4.trie,AbstractPatriciaTrie,4,95,1,11,1,24,1,14,0,9,,#N/A
Apache Commons Collections,org.apache.commons.collections4.trie,AbstractPatriciaTrie,7,0,0,0,3,0,2,0,2,0,,#N/A
Apache Commons Collections,org.apache.commons.collections4.trie,AbstractPatriciaTrie,0,89,1,9,0,22,1,8,0,4,,#N/A
Apache Commons Collections,org.apache.commons.collections4.trie,AbstractPatriciaTrie,571,1291,100,190,130,303,75,121,6,45,,#N/A
Apache Commons Collections,org.apache.commons.collections4.trie,AbstractPatriciaTrie,50,265,4,36,8,56,12,23,8,7,,#N/A
Apache Commons Collections,org.apache.commons.collections4.trie,AbstractPatriciaTrie,0,45,0,4,0,13,0,8,0,6,,#N/A
Apache Commons Collections,org.apache.commons.collections4.trie,AbstractBitwiseTrie,12,114,4,14,3,23,4,15,1,9,,#N/A
Apache Commons Collections,org.apache.commons.collections4.list,NodeCachingLinkedList,10,150,0,12,4,51,2,18,2,12,,0
Apache Commons Collections,org.apache.commons.collections4.list,TreeList,2,262,2,16,1,53,2,23,0,16,,0
Apache Commons Collections,org.apache.commons.collections4.list,SetUniqueList,0,29,0,0,0,10,0,3,0,3,,0
Apache Commons Collections,org.apache.commons.collections4.list,PredicatedList,0,25,0,0,0,9,0,3,0,3,,90
Apache Commons Collections,org.apache.commons.collections4.list,AbstractSerializableListDecorator,0,19,0,0,0,8,0,3,0,3,,#N/A
Apache Commons Collections,org.apache.commons.collections4.list,TransformedList,0,146,1,7,0,28,1,19,0,16,,91
Apache Commons Collections,org.apache.commons.collections4.list,FixedSizeList,0,94,0,0,0,25,0,23,0,23,,100
Apache Commons Collections,org.apache.commons.collections4.list,FixedSizeList,4,7,0,0,2,3,2,1,2,1,,100
Apache Commons Collections,org.apache.commons.collections4.list,AbstractLinkedList,28,781,9,91,8,190,10,89,1,48,,#N/A
Apache Commons Collections,org.apache.commons.collections4.list,CursorableLinkedList,0,70,0,4,0,14,0,8,0,6,,0
Apache Commons Collections,org.apache.commons.collections4.list,AbstractLinkedList,0,211,0,14,0,50,0,19,0,12,,#N/A
Apache Commons Collections,org.apache.commons.collections4.list,TransformedList,0,27,0,0,0,9,0,3,0,3,,91
Apache Commons Collections,org.apache.commons.collections4.list,UnmodifiableList,0,87,0,2,0,22,0,18,0,17,,100
Apache Commons Collections,org.apache.commons.collections4.list,AbstractListDecorator,3,77,0,4,2,16,1,16,1,14,,#N/A
Apache Commons Collections,org.apache.commons.collections4.list,GrowthList,3,97,4,6,0,22,3,9,0,7,,50
Apache Commons Collections,org.apache.commons.collections4.list,CursorableLinkedList,11,172,3,23,2,51,3,19,0,9,,0
Apache Commons Collections,org.apache.commons.collections4.list,AbstractLinkedList,26,22,0,0,11,10,5,4,5,4,,#N/A
Apache Commons Collections,org.apache.commons.collections4.list,CursorableLinkedList,19,213,7,17,7,73,8,25,1,20,,0
Apache Commons Collections,org.apache.commons.collections4.list,SetUniqueList,24,298,0,24,3,70,1,32,1,20,,0
Apache Commons Collections,org.apache.commons.collections4.list,AbstractLinkedList,62,249,5,11,6,57,6,16,1,13,,#N/A
Apache Commons Collections,org.apache.commons.collections4.list,SetUniqueList,0,55,0,2,0,17,0,7,0,6,,0
Apache Commons Collections,org.apache.commons.collections4.list,AbstractLinkedList,0,69,0,4,0,14,0,8,0,6,,#N/A
Apache Commons Collections,org.apache.commons.collections4.list,PredicatedList,0,114,0,6,0,23,0,18,0,15,,90
Apache Commons Collections,org.apache.commons.collections4.list,TreeList,53,1043,14,130,16,246,13,93,1,32,,0
Apache Commons Collections,org.apache.commons.collections4.list,LazyList,10,129,2,12,2,32,2,12,0,7,,100
Apache Commons Collections,org.apache.commons.collections4.list,TreeList,4,246,1,21,1,56,1,21,0,11,,0
Apache Commons Collections,org.apache.commons.collections4.functors,ComparatorPredicate,15,82,1,15,1,22,1,13,0,4,,100
Apache Commons Collections,org.apache.commons.collections4.functors,MapTransformer,3,20,0,2,1,7,1,4,1,3,,80
Apache Commons Collections,org.apache.commons.collections4.functors,ExceptionPredicate,0,14,0,0,0,4,0,4,0,4,,100
Apache Commons Collections,org.apache.commons.collections4.functors,PrototypeFactory,8,53,0,2,4,17,0,3,0,2,,100
Apache Commons Collections,org.apache.commons.collections4.functors,InstantiateTransformer,32,86,10,14,8,19,10,8,0,6,,88
Apache Commons Collections,org.apache.commons.collections4.functors,OrPredicate,13,35,0,4,1,7,1,5,1,3,,80
Apache Commons Collections,org.apache.commons.collections4.functors,NotNullPredicate,0,15,0,2,0,4,0,5,0,4,,100
Apache Commons Collections,org.apache.commons.collections4.functors,FactoryTransformer,3,18,0,0,1,5,1,3,1,3,,67
Apache Commons Collections,org.apache.commons.collections4.functors,NonePredicate,0,55,0,8,0,14,0,8,0,4,,100
Apache Commons Collections,org.apache.commons.collections4.functors,ComparatorPredicate,0,54,0,0,0,2,0,1,0,1,,100
Apache Commons Collections,org.apache.commons.collections4.functors,ForClosure,6,39,0,8,2,12,2,7,2,3,,85
Apache Commons Collections,org.apache.commons.collections4.functors,StringValueTransformer,0,12,0,0,0,4,0,4,0,4,,100
Apache Commons Collections,org.apache.commons.collections4.functors,WhileClosure,9,43,0,4,3,12,3,5,3,3,,63
Apache Commons Collections,org.apache.commons.collections4.functors,UniquePredicate,0,17,0,0,0,5,0,3,0,3,,100
Apache Commons Collections,org.apache.commons.collections4.functors,ChainedTransformer,4,75,0,8,1,18,1,9,1,5,,86
Apache Commons Collections,org.apache.commons.collections4.functors,TransformerClosure,3,21,0,2,1,8,1,4,1,3,,75
Apache Commons Collections,org.apache.commons.collections4.functors,NullPredicate,0,15,0,2,0,4,0,5,0,4,,100
Apache Commons Collections,org.apache.commons.collections4.functors,InstanceofPredicate,3,19,0,0,1,5,1,3,1,3,,67
Apache Commons Collections,org.apache.commons.collections4.functors,AbstractQuantifierPredicate,4,6,0,0,1,3,1,1,1,1,,#N/A
Apache Commons Collections,org.apache.commons.collections4.functors,AnyPredicate,4,67,1,11,1,17,1,9,0,4,,94
Apache Commons Collections,org.apache.commons.collections4.functors,IdentityPredicate,3,23,0,4,1,7,1,5,1,3,,83
Apache Commons Collections,org.apache.commons.collections4.functors,IfTransformer,9,56,0,2,3,13,3,5,3,4,,63
Apache Commons Collections,org.apache.commons.collections4.functors,CatchAndRethrowClosure,0,17,0,0,0,8,0,2,0,2,,100
Apache Commons Collections,org.apache.commons.collections4.functors,PredicateTransformer,3,24,0,2,1,7,1,4,1,3,,75
Apache Commons Collections,org.apache.commons.collections4.functors,ExceptionFactory,0,14,0,0,0,4,0,4,0,4,,100
Apache Commons Collections,org.apache.commons.collections4.functors,SwitchTransformer,13,156,2,22,5,35,5,15,3,5,,74
Apache Commons Collections,org.apache.commons.collections4.functors,EqualPredicate,3,48,0,6,1,15,1,8,1,5,,90
Apache Commons Collections,org.apache.commons.collections4.functors,NullIsExceptionPredicate,8,26,0,2,1,7,1,4,1,3,,50
Apache Commons Collections,org.apache.commons.collections4.functors,ConstantTransformer,43,31,11,3,9,11,8,7,2,6,,33
Apache Commons Collections,org.apache.commons.collections4.functors,InstantiateFactory,23,105,5,15,7,26,5,10,0,5,,88
Apache Commons Collections,org.apache.commons.collections4.functors,NullIsFalsePredicate,8,23,0,2,1,7,1,4,1,3,,80
Apache Commons Collections,org.apache.commons.collections4.functors,PrototypeFactory,0,66,0,4,0,13,0,3,0,1,,100
Apache Commons Collections,org.apache.commons.collections4.functors,NOPTransformer,0,11,0,0,0,4,0,4,0,4,,100
Apache Commons Collections,org.apache.commons.collections4.functors,CloneTransformer,0,15,0,2,0,5,0,4,0,3,,100
Apache Commons Collections,org.apache.commons.collections4.functors,DefaultEquator,4,25,2,6,1,4,3,6,1,4,,63
Apache Commons Collections,org.apache.commons.collections4.functors,PrototypeFactory,33,20,1,1,10,6,2,2,1,2,,100
Apache Commons Collections,org.apache.commons.collections4.functors,ChainedClosure,4,88,0,10,1,22,1,10,1,5,,88
Apache Commons Collections,org.apache.commons.collections4.functors,ConstantFactory,3,24,0,2,1,8,1,5,1,4,,80
Apache Commons Collections,org.apache.commons.collections4.functors,ClosureTransformer,3,20,0,0,1,6,1,3,1,3,,50
Apache Commons Collections,org.apache.commons.collections4.functors,FalsePredicate,0,11,0,0,0,4,0,4,0,4,,100
Apache Commons Collections,org.apache.commons.collections4.functors,NullIsTruePredicate,8,23,0,2,1,7,1,4,1,3,,80
Apache Commons Collections,org.apache.commons.collections4.functors,InvokerTransformer,45,126,4,20,6,25,4,13,0,5,,100
Apache Commons Collections,org.apache.commons.collections4.functors,FunctorUtils,10,159,3,19,5,32,5,16,2,8,,82
Apache Commons Collections,org.apache.commons.collections4.functors,TransformedPredicate,11,31,0,0,2,8,2,3,2,3,,50
Apache Commons Collections,org.apache.commons.collections4.functors,SwitchClosure,13,151,2,20,3,34,5,14,3,5,,72
Apache Commons Collections,org.apache.commons.collections4.functors,ExceptionClosure,0,14,0,0,0,4,0,4,0,4,,100
Apache Commons Collections,org.apache.commons.collections4.functors,IfClosure,15,48,0,2,5,13,4,5,4,4,,63
Apache Commons Collections,org.apache.commons.collections4.functors,OnePredicate,4,60,1,9,1,16,1,8,0,4,,93
Apache Commons Collections,org.apache.commons.collections4.functors,AndPredicate,13,35,0,4,1,7,1,5,1,3,,80
Apache Commons Collections,org.apache.commons.collections4.functors,AllPredicate,0,73,0,12,0,18,0,10,0,4,,100
Apache Commons Collections,org.apache.commons.collections4.functors,TruePredicate,0,11,0,0,0,4,0,4,0,4,,100
Apache Commons Collections,org.apache.commons.collections4.functors,ExceptionTransformer,0,14,0,0,0,4,0,4,0,4,,100
Apache Commons Collections,org.apache.commons.collections4.functors,NotPredicate,8,23,0,2,1,5,1,4,1,3,,75
Apache Commons Collections,org.apache.commons.collections4.functors,TransformerPredicate,3,30,0,2,1,8,1,4,1,3,,75
Apache Commons Collections,org.apache.commons.collections4.functors,NOPClosure,0,10,0,0,0,4,0,4,0,4,,100
Apache Commons Collections,org.apache.commons.collections4.bidimap,AbstractDualBidiMap,0,280,0,18,0,64,0,34,0,25,,#N/A
Apache Commons Collections,org.apache.commons.collections4.bidimap,TreeBidiMap,4,40,0,4,1,11,1,7,1,5,,0
Apache Commons Collections,org.apache.commons.collections4.bidimap,TreeBidiMap,151,1843,29,224,32,432,29,163,1,64,,0
Apache Commons Collections,org.apache.commons.collections4.bidimap,AbstractDualBidiMap,0,41,0,2,0,9,0,5,0,4,,#N/A
Apache Commons Collections,org.apache.commons.collections4.bidimap,AbstractDualBidiMap,0,38,0,4,0,9,0,4,0,2,,#N/A
Apache Commons Collections,org.apache.commons.collections4.bidimap,AbstractDualBidiMap,0,53,0,2,0,16,0,4,0,3,,#N/A
Apache Commons Collections,org.apache.commons.collections4.bidimap,AbstractDualBidiMap,0,62,1,9,0,14,1,7,0,3,,#N/A
Apache Commons Collections,org.apache.commons.collections4.bidimap,TreeBidiMap,5,21,0,0,1,5,1,3,1,3,,0
Apache Commons Collections,org.apache.commons.collections4.bidimap,TreeBidiMap,4,40,0,4,1,11,1,7,1,5,,0
Apache Commons Collections,org.apache.commons.collections4.bidimap,AbstractSortedBidiMapDecorator,28,8,0,0,6,3,6,2,6,2,,#N/A
Apache Commons Collections,org.apache.commons.collections4.bidimap,DualLinkedHashBidiMap,12,49,0,0,3,14,1,5,1,5,,0
Apache Commons Collections,org.apache.commons.collections4.bidimap,AbstractDualBidiMap,14,145,0,14,4,33,1,15,1,8,,#N/A
Apache Commons Collections,org.apache.commons.collections4.bidimap,AbstractDualBidiMap,0,119,1,25,0,37,1,19,0,7,,#N/A
Apache Commons Collections,org.apache.commons.collections4.bidimap,AbstractOrderedBidiMapDecorator,8,26,0,0,2,7,2,6,2,6,,#N/A
Apache Commons Collections,org.apache.commons.collections4.bidimap,TreeBidiMap,0,37,0,4,0,7,0,6,0,4,,0
Apache Commons Collections,org.apache.commons.collections4.bidimap,TreeBidiMap,0,37,0,4,0,7,0,6,0,4,,0
Apache Commons Collections,org.apache.commons.collections4.bidimap,TreeBidiMap,60,128,9,11,12,27,7,9,2,4,,0
Apache Commons Collections,org.apache.commons.collections4.bidimap,UnmodifiableBidiMap,0,79,0,4,0,23,0,14,0,12,,0
Apache Commons Collections,org.apache.commons.collections4.bidimap,TreeBidiMap,80,153,8,10,12,34,8,25,4,20,,0
Apache Commons Collections,org.apache.commons.collections4.bidimap,TreeBidiMap,8,263,6,17,2,49,6,27,0,21,,0
Apache Commons Collections,org.apache.commons.collections4.bidimap,TreeBidiMap,2,72,1,11,1,18,1,9,0,4,,0
Apache Commons Collections,org.apache.commons.collections4.bidimap,DualTreeBidiMap,36,207,2,10,9,51,5,21,3,17,,0
Apache Commons Collections,org.apache.commons.collections4.bidimap,DualTreeBidiMap,38,35,0,2,5,8,5,5,5,4,,0
Apache Commons Collections,org.apache.commons.collections4.bidimap,DualHashBidiMap,12,49,0,0,3,14,1,5,1,5,,0
Apache Commons Collections,org.apache.commons.collections4.bidimap,TreeBidiMap,0,17,0,0,0,7,0,3,0,3,,0
Apache Commons Collections,org.apache.commons.collections4.bidimap,AbstractDualBidiMap,0,41,0,2,0,9,0,5,0,4,,#N/A
Apache Commons Collections,org.apache.commons.collections4.bidimap,TreeBidiMap,0,37,0,0,0,6,0,3,0,3,,0
Apache Commons Collections,org.apache.commons.collections4.bidimap,DualTreeBidiMap,27,134,0,12,6,29,3,14,3,8,,0
Apache Commons Collections,org.apache.commons.collections4.bidimap,UnmodifiableOrderedBidiMap,0,82,0,4,0,24,0,15,0,13,,0
Apache Commons Collections,org.apache.commons.collections4.bidimap,TreeBidiMap,3,11,0,0,1,4,1,2,1,2,,0
Apache Commons Collections,org.apache.commons.collections4.bidimap,AbstractDualBidiMap,0,47,0,2,0,15,0,4,0,3,,#N/A
Apache Commons Collections,org.apache.commons.collections4.bidimap,AbstractBidiMapDecorator,13,17,0,0,3,5,3,4,3,4,,#N/A
Apache Commons Collections,org.apache.commons.collections4.bidimap,TreeBidiMap,2,72,1,11,1,18,1,9,0,4,,0
Apache Commons Collections,org.apache.commons.collections4.bidimap,UnmodifiableSortedBidiMap,0,104,0,4,0,29,0,17,0,15,,0
Apache Commons Collections,org.apache.commons.collections4.bidimap,AbstractDualBidiMap,0,56,0,2,0,16,0,4,0,3,,#N/A
Apache Commons Collections,org.apache.commons.collections4.map,AbstractLinkedMap,3,7,0,0,1,3,1,2,1,2,,#N/A
Apache Commons Collections,org.apache.commons.collections4.map,UnmodifiableEntrySet,2,135,2,10,1,28,2,16,0,12,,10
Apache Commons Collections,org.apache.commons.collections4.map,LazyMap,0,73,0,2,0,20,0,8,0,7,,100
Apache Commons Collections,org.apache.commons.collections4.map,StaticBucketMap,2,73,2,18,1,14,2,13,0,5,,0
Apache Commons Collections,org.apache.commons.collections4.map,AbstractHashedMap,0,23,0,0,0,8,0,5,0,5,,#N/A
Apache Commons Collections,org.apache.commons.collections4.map,AbstractReferenceMap,5,168,2,22,1,48,2,17,0,7,,#N/A
Apache Commons Collections,org.apache.commons.collections4.map,Flat3Map,2,57,1,5,1,17,1,7,0,5,,0
Apache Commons Collections,org.apache.commons.collections4.map,AbstractReferenceMap,0,34,0,2,0,8,0,4,0,3,,#N/A
Apache Commons Collections,org.apache.commons.collections4.map,TransformedSortedMap,0,94,1,1,0,19,1,10,0,10,,0
Apache Commons Collections,org.apache.commons.collections4.map,AbstractReferenceMap,8,49,3,1,3,7,3,3,0,3,,#N/A
Apache Commons Collections,org.apache.commons.collections4.map,FixedSizeMap,30,71,4,2,8,20,5,11,3,10,,50
Apache Commons Collections,org.apache.commons.collections4.map,AbstractOrderedMapDecorator,4,29,0,0,1,9,1,7,1,7,,#N/A
Apache Commons Collections,org.apache.commons.collections4.map,ListOrderedMap,0,13,0,0,0,2,0,2,0,2,,0
Apache Commons Collections,org.apache.commons.collections4.map,PredicatedSortedMap,0,72,0,0,0,13,0,9,0,9,,100
Apache Commons Collections,org.apache.commons.collections4.map,AbstractReferenceMap,11,0,0,0,4,0,2,0,2,0,,#N/A
Apache Commons Collections,org.apache.commons.collections4.map,ListOrderedMap,0,13,0,0,0,2,0,2,0,2,,0
Apache Commons Collections,org.apache.commons.collections4.map,PredicatedMap,0,128,0,16,0,32,0,17,0,9,,89
Apache Commons Collections,org.apache.commons.collections4.map,StaticBucketMap,0,12,0,0,0,2,0,2,0,2,,0
Apache Commons Collections,org.apache.commons.collections4.map,Flat3Map,0,8,0,0,0,3,0,2,0,2,,0
Apache Commons Collections,org.apache.commons.collections4.map,Flat3Map,107,116,26,16,17,34,19,13,1,7,,0
Apache Commons Collections,org.apache.commons.collections4.map,Flat3Map,6,35,1,3,1,11,1,6,0,5,,0
Apache Commons Collections,org.apache.commons.collections4.map,AbstractReferenceMap,0,11,0,0,0,4,0,2,0,2,,#N/A
Apache Commons Collections,org.apache.commons.collections4.map,AbstractReferenceMap,0,8,0,0,0,3,0,2,0,2,,#N/A
Apache Commons Collections,org.apache.commons.collections4.map,ListOrderedMap,0,28,0,0,0,8,0,5,0,5,,0
Apache Commons Collections,org.apache.commons.collections4.map,AbstractReferenceMap,20,380,10,36,5,107,10,43,0,30,,#N/A
Apache Commons Collections,org.apache.commons.collections4.map,UnmodifiableMap,21,65,2,2,5,22,2,12,1,11,,58
Apache Commons Collections,org.apache.commons.collections4.map,CompositeMap,17,458,3,49,5,87,4,44,1,21,,94
Apache Commons Collections,org.apache.commons.collections4.map,AbstractLinkedMap,4,8,0,0,1,3,1,2,1,2,,#N/A
Apache Commons Collections,org.apache.commons.collections4.map,AbstractHashedMap,41,1066,11,125,15,269,15,105,4,48,,#N/A
Apache Commons Collections,org.apache.commons.collections4.map,TransformedMap,1,144,2,10,0,38,2,16,0,12,,96
Apache Commons Collections,org.apache.commons.collections4.map,AbstractLinkedMap,0,7,0,0,0,2,0,1,0,1,,#N/A
Apache Commons Collections,org.apache.commons.collections4.map,StaticBucketMap,0,12,0,0,0,2,0,2,0,2,,0
Apache Commons Collections,org.apache.commons.collections4.map,PassiveExpiringMap,6,33,1,3,3,10,2,4,1,3,,0
Apache Commons Collections,org.apache.commons.collections4.map,AbstractInputCheckedMapDecorator,2,23,0,2,1,7,1,4,1,3,,#N/A
Apache Commons Collections,org.apache.commons.collections4.map,AbstractLinkedMap,15,158,4,14,4,33,4,14,0,9,,
Apache Commons Collections,org.apache.commons.collections4.map,LazySortedMap,0,75,0,0,0,16,0,11,0,11,,
Apache Commons Collections,org.apache.commons.collections4.map,StaticBucketMap,0,110,0,12,0,24,0,10,0,4,,
Apache Commons Collections,org.apache.commons.collections4.map,LinkedMap,4,88,0,0,1,20,1,18,1,18,,
Apache Commons Collections,org.apache.commons.collections4.map,MultiValueMap,4,18,0,0,1,3,1,3,1,3,,
Apache Commons Collections,org.apache.commons.collections4.map,Flat3Map,112,102,11,15,19,30,12,13,3,6,,
Apache Commons Collections,org.apache.commons.collections4.map,StaticBucketMap,0,77,2,6,0,15,2,8,0,6,,
Apache Commons Collections,org.apache.commons.collections4.map,ListOrderedMap,13,133,0,10,4,32,1,15,1,10,,
Apache Commons Collections,org.apache.commons.collections4.map,AbstractHashedMap,0,8,0,0,0,3,0,2,0,2,,
Apache Commons Collections,org.apache.commons.collections4.map,UnmodifiableEntrySet,0,21,0,0,0,5,0,3,0,3,,
Apache Commons Collections,org.apache.commons.collections4.map,MultiValueMap,0,41,0,2,0,6,0,4,0,3,,
Apache Commons Collections,org.apache.commons.collections4.map,SingletonMap,4,23,0,0,1,7,1,5,1,5,,
Apache Commons Collections,org.apache.commons.collections4.map,MultiValueMap,0,41,0,2,0,11,0,5,0,4,,
Apache Commons Collections,org.apache.commons.collections4.map,EntrySetToMapIteratorAdapter,0,57,0,2,0,18,0,10,0,9,,
Apache Commons Collections,org.apache.commons.collections4.map,AbstractReferenceMap,33,193,15,27,5,40,13,19,0,11,,
Apache Commons Collections,org.apache.commons.collections4.map,Flat3Map,0,53,0,4,0,15,0,8,0,6,,
Apache Commons Collections,org.apache.commons.collections4.map,PassiveExpiringMap,26,244,0,14,8,64,4,30,4,23,,
Apache Commons Collections,org.apache.commons.collections4.map,AbstractInputCheckedMapDecorator,0,114,1,9,0,21,1,8,0,4,,
Apache Commons Collections,org.apache.commons.collections4.map,ListOrderedMap,0,22,0,0,0,5,0,3,0,3,,
Apache Commons Collections,org.apache.commons.collections4.map,AbstractReferenceMap,0,48,0,6,0,15,0,8,0,5,,
Apache Commons Collections,org.apache.commons.collections4.map,StaticBucketMap,0,11,0,0,0,2,0,2,0,2,,
Apache Commons Collections,org.apache.commons.collections4.map,HashedMap,0,35,0,0,0,15,0,7,0,7,,
Apache Commons Collections,org.apache.commons.collections4.map,StaticBucketMap,0,116,0,10,0,24,0,11,0,6,,
Apache Commons Collections,org.apache.commons.collections4.map,LRUMap,203,296,9,31,17,87,13,32,5,20,,
Apache Commons Collections,org.apache.commons.collections4.map,MultiKeyMap,144,1430,108,188,6,303,80,107,0,39,,
Apache Commons Collections,org.apache.commons.collections4.map,AbstractInputCheckedMapDecorator,0,20,0,0,0,6,0,2,0,2,,
Apache Commons Collections,org.apache.commons.collections4.map,SingletonMap,26,97,5,9,7,24,6,12,1,10,,
Apache Commons Collections,org.apache.commons.collections4.map,MultiValueMap,4,36,0,2,2,7,1,4,1,3,,
Apache Commons Collections,org.apache.commons.collections4.map,ListOrderedMap,22,433,4,38,1,99,4,45,0,28,,
Apache Commons Collections,org.apache.commons.collections4.map,FixedSizeSortedMap,21,94,2,2,6,21,4,15,3,14,,
Apache Commons Collections,org.apache.commons.collections4.map,Flat3Map,144,1247,64,226,30,328,61,123,0,23,,
Apache Commons Collections,org.apache.commons.collections4.map,LinkedMap,9,76,0,4,4,21,2,12,2,10,,
Apache Commons Collections,org.apache.commons.collections4.map,AbstractInputCheckedMapDecorator,0,24,0,0,0,6,0,2,0,2,,
Apache Commons Collections,org.apache.commons.collections4.map,AbstractReferenceMap,0,38,0,2,0,8,0,4,0,3,,
Apache Commons Collections,org.apache.commons.collections4.map,ReferenceMap,24,28,0,0,6,10,3,4,3,4,,
Apache Commons Collections,org.apache.commons.collections4.map,DefaultedMap,0,82,0,4,0,20,0,11,0,9,,
Apache Commons Collections,org.apache.commons.collections4.map,ListOrderedMap,0,34,0,0,0,9,0,3,0,3,,
Apache Commons Collections,org.apache.commons.collections4.map,MultiValueMap,15,31,1,3,2,8,1,4,0,3,,
Apache Commons Collections,org.apache.commons.collections4.map,AbstractReferenceMap,0,8,0,0,0,3,0,2,0,2,,
Apache Commons Collections,org.apache.commons.collections4.map,AbstractMapDecorator,0,88,0,2,0,25,0,19,0,18,,
Apache Commons Collections,org.apache.commons.collections4.map,StaticBucketMap,37,573,9,63,11,121,11,44,3,16,,
Apache Commons Collections,org.apache.commons.collections4.map,AbstractHashedMap,0,35,0,0,0,11,0,6,0,6,,
Apache Commons Collections,org.apache.commons.collections4.map,AbstractHashedMap,0,8,0,0,0,3,0,2,0,2,,
Apache Commons Collections,org.apache.commons.collections4.map,SingletonMap,114,190,20,15,29,50,21,30,5,28,,
Apache Commons Collections,org.apache.commons.collections4.map,AbstractHashedMap,0,64,0,10,0,19,0,11,0,6,,
Apache Commons Collections,org.apache.commons.collections4.map,AbstractLinkedMap,4,8,0,0,1,3,1,2,1,2,,
Apache Commons Collections,org.apache.commons.collections4.map,Flat3Map,10,66,2,4,2,15,2,5,0,4,,
Apache Commons Collections,org.apache.commons.collections4.map,Flat3Map,0,7,0,0,0,3,0,2,0,2,,
Apache Commons Collections,org.apache.commons.collections4.map,CaseInsensitiveMap,5,60,0,4,2,19,1,9,1,7,,
Apache Commons Collections,org.apache.commons.collections4.map,AbstractSortedMapDecorator,29,0,0,0,8,0,4,0,4,0,,
Apache Commons Collections,org.apache.commons.collections4.map,ListOrderedMap,0,44,0,0,0,11,0,8,0,8,,
Apache Commons Collections,org.apache.commons.collections4.map,AbstractIterableMap,0,9,0,0,0,2,0,2,0,2,,
Apache Commons Collections,org.apache.commons.collections4.map,AbstractHashedMap,0,7,0,0,0,3,0,2,0,2,,
Apache Commons Collections,org.apache.commons.collections4.map,AbstractLinkedMap,10,331,0,40,4,72,3,40,3,20,,
Apache Commons Collections,org.apache.commons.collections4.map,AbstractReferenceMap,0,34,0,2,0,8,0,4,0,3,,
Apache Commons Collections,org.apache.commons.collections4.map,UnmodifiableSortedMap,4,92,0,2,1,24,1,17,1,16,,
Apache Commons Collections,org.apache.commons.collections4.map,ReferenceIdentityMap,24,61,0,6,6,16,3,11,3,8,,
Apache Commons Collections,org.apache.commons.collections4.map,AbstractHashedMap,0,48,0,6,0,15,0,8,0,5,,
Apache Commons Collections,org.apache.commons.collections4.map,AbstractSortedMapDecorator,51,23,4,0,9,8,8,6,6,6,,
Apache Commons Collections,org.apache.commons.collections4.map,AbstractLinkedMap,0,52,0,6,0,16,0,9,0,6,,
Apache Commons Collections,org.apache.commons.collections4.map,MultiValueMap,13,327,5,39,2,86,6,38,1,21,,
Apache Commons Collections,org.apache.commons.collections4.map,AbstractHashedMap,6,147,2,18,2,36,2,14,0,6,,
Apache Commons Collections,org.apache.commons.collections4.map,StaticBucketMap,0,21,0,0,0,5,0,4,0,4,,
Apache Commons Collections,org.apache.commons.collections4.map,UnmodifiableOrderedMap,0,72,0,2,0,24,0,13,0,12,,
Apache Commons Collections,org.apache.commons.collections4.map,AbstractReferenceMap,0,7,0,0,0,3,0,2,0,2,,
Apache Commons Collections,org.apache.commons.collections4.map,ListOrderedMap,0,92,0,8,0,26,0,16,0,12,,
Apache Commons Collections,org.apache.commons.collections4.map,Flat3Map,0,8,0,0,0,3,0,2,0,2,,
Apache Commons Collections,org.apache.commons.collections4.map,UnmodifiableEntrySet,0,11,0,0,0,4,0,2,0,2,,
Apache Commons Collections,org.apache.commons.collections4.map,AbstractHashedMap,2,107,2,20,1,23,2,16,0,7,,
Apache Commons Collections,org.apache.commons.collections4.multimap,AbstractListValuedMap,0,174,0,12,0,44,0,20,0,14,,
Apache Commons Collections,org.apache.commons.collections4.multimap,ArrayListValuedHashMap,0,82,0,2,0,26,0,10,0,9,,
Apache Commons Collections,org.apache.commons.collections4.multimap,AbstractListValuedMap,0,120,0,4,0,29,0,13,0,11,,
Apache Commons Collections,org.apache.commons.collections4.multimap,TransformedMultiValuedMap,0,157,1,13,0,34,1,15,0,9,,
Apache Commons Collections,org.apache.commons.collections4.multimap,HashSetValuedHashMap,0,63,0,0,0,21,0,8,0,8,,
Apache Commons Collections,org.apache.commons.collections4.multimap,AbstractMultiValuedMap,0,12,0,0,0,2,0,2,0,2,,
Apache Commons Collections,org.apache.commons.collections4.multimap,AbstractMultiValuedMap,65,356,11,39,12,80,11,43,3,26,,
Apache Commons Collections,org.apache.commons.collections4.multimap,AbstractMultiValuedMap,0,12,0,0,0,4,0,2,0,2,,
Apache Commons Collections,org.apache.commons.collections4.multimap,AbstractListValuedMap,0,27,0,0,0,8,0,6,0,6,,
Apache Commons Collections,org.apache.commons.collections4.multimap,AbstractMultiValuedMap,0,19,0,0,0,3,0,3,0,3,,
Apache Commons Collections,org.apache.commons.collections4.multimap,AbstractMultiValuedMap,0,56,0,2,0,8,0,4,0,3,,
Apache Commons Collections,org.apache.commons.collections4.multimap,AbstractMultiValuedMap,101,136,23,17,31,33,20,16,6,10,,
Apache Commons Collections,org.apache.commons.collections4.multimap,AbstractMultiValuedMap,0,43,0,2,0,11,0,5,0,4,,
Apache Commons Collections,org.apache.commons.collections4.multimap,AbstractMultiValuedMap,0,56,0,2,0,12,0,8,0,7,,
Apache Commons Collections,org.apache.commons.collections4.multimap,AbstractMultiValuedMap,0,50,0,2,0,11,0,7,0,6,,
Apache Commons Collections,org.apache.commons.collections4.multimap,AbstractMultiValuedMap,0,15,0,0,0,3,0,3,0,3,,
Apache Commons Collections,org.apache.commons.collections4.multimap,UnmodifiableMultiValuedMap,0,79,0,2,0,19,0,17,0,16,,
Apache Commons Collections,org.apache.commons.collections4.multimap,AbstractMultiValuedMap,5,61,1,5,1,17,1,9,0,7,,
Apache Commons Collections,org.apache.commons.collections4.multimap,AbstractMultiValuedMap,0,90,0,8,0,24,0,15,0,11,,
Apache Commons Collections,org.apache.commons.collections4.multimap,AbstractMultiValuedMap,0,40,0,2,0,9,0,5,0,4,,
Apache Commons Collections,org.apache.commons.collections4.multimap,AbstractSetValuedMap,0,27,0,0,0,8,0,6,0,6,,
Apache Commons Collections,org.apache.commons.collections4.multimap,AbstractMultiValuedMap,0,24,0,0,0,6,0,2,0,2,,
Apache Commons Collections,org.apache.commons.collections4.multimap,AbstractMultiValuedMapDecorator,22,98,0,2,4,25,4,21,4,20,,
Apache Commons Collections,org.apache.commons.collections4.multimap,AbstractSetValuedMap,0,37,0,4,0,12,0,5,0,3,,
Apache Commons Collections,org.apache.commons.collections4.set,UnmodifiableSet,0,49,0,2,0,14,0,11,0,10,,
Apache Commons Collections,org.apache.commons.collections4.set,UnmodifiableSortedSet,0,87,0,2,0,25,0,16,0,15,,
Apache Commons Collections,org.apache.commons.collections4.set,MapBackedSet,0,158,0,8,0,31,0,23,0,19,,
Apache Commons Collections,org.apache.commons.collections4.set,ListOrderedSet,14,28,0,0,3,9,2,3,2,3,,
Apache Commons Collections,org.apache.commons.collections4.set,TransformedSet,0,66,1,7,0,12,1,8,0,5,,
Apache Commons Collections,org.apache.commons.collections4.set,AbstractSetDecorator,3,24,0,4,2,5,1,6,1,4,,
Apache Commons Collections,org.apache.commons.collections4.set,AbstractNavigableSetDecorator,39,28,0,0,9,7,8,6,8,6,,
Apache Commons Collections,org.apache.commons.collections4.set,UnmodifiableNavigableSet,0,126,0,2,0,33,0,21,0,20,,
Apache Commons Collections,org.apache.commons.collections4.set,AbstractSerializableSetDecorator,0,19,0,0,0,8,0,3,0,3,,
Apache Commons Collections,org.apache.commons.collections4.set,PredicatedSet,0,31,0,4,0,6,0,7,0,5,,
Apache Commons Collections,org.apache.commons.collections4.set,CompositeSet,25,486,6,68,7,119,8,56,2,25,,
Apache Commons Collections,org.apache.commons.collections4.set,ListOrderedSet,7,306,3,27,2,77,3,36,0,24,,
Apache Commons Collections,org.apache.commons.collections4.set,TransformedSortedSet,43,60,4,0,8,12,4,8,2,8,,
Apache Commons Collections,org.apache.commons.collections4.set,AbstractSortedSetDecorator,19,20,0,0,5,6,4,5,4,5,,
Apache Commons Collections,org.apache.commons.collections4.set,PredicatedNavigableSet,15,74,0,0,3,15,3,11,3,11,,
Apache Commons Collections,org.apache.commons.collections4.set,PredicatedSortedSet,0,64,0,0,0,13,0,9,0,9,,
Apache Commons Collections,org.apache.commons.collections4.set,TransformedNavigableSet,54,74,4,0,10,15,6,11,4,11,,
Apache Commons Collections,org.apache.commons.collections4.iterators,EnumerationIterator,36,29,4,0,11,10,6,4,4,4,,
Apache Commons Collections,org.apache.commons.collections4.iterators,IteratorChain,20,214,2,16,5,49,4,19,2,12,,
Apache Commons Collections,org.apache.commons.collections4.iterators,EmptyMapIterator,0,10,0,0,0,4,0,3,0,3,,
Apache Commons Collections,org.apache.commons.collections4.iterators,SingletonIterator,0,75,0,14,0,22,0,13,0,6,,
Apache Commons Collections,org.apache.commons.collections4.iterators,ObjectArrayIterator,6,105,0,12,2,27,2,14,2,8,,
Apache Commons Collections,org.apache.commons.collections4.iterators,FilterIterator,17,98,1,13,5,32,4,14,3,8,,
Apache Commons Collections,org.apache.commons.collections4.iterators,SkippingIterator,0,60,0,8,0,17,0,8,0,4,,
Apache Commons Collections,org.apache.commons.collections4.iterators,IteratorIterable,0,44,1,5,0,12,1,6,0,4,,
Apache Commons Collections,org.apache.commons.collections4.iterators,ReverseListIterator,5,101,1,5,1,30,1,13,0,11,,
Apache Commons Collections,org.apache.commons.collections4.iterators,AbstractListIteratorDecorator,0,50,0,0,0,16,0,11,0,11,,
Apache Commons Collections,org.apache.commons.collections4.iterators,EmptyIterator,0,14,0,0,0,6,0,4,0,4,,
Apache Commons Collections,org.apache.commons.collections4.iterators,AbstractUntypedIteratorDecorator,0,20,0,0,0,7,0,4,0,4,,
Apache Commons Collections,org.apache.commons.collections4.iterators,TransformIterator,23,28,0,0,11,9,6,5,6,5,,
Apache Commons Collections,org.apache.commons.collections4.iterators,ArrayListIterator,5,113,0,8,1,25,1,14,1,10,,
Apache Commons Collections,org.apache.commons.collections4.iterators,UnmodifiableOrderedMapIterator,0,56,0,2,0,16,0,11,0,10,,
Apache Commons Collections,org.apache.commons.collections4.iterators,LoopingIterator,0,52,0,6,0,15,0,9,0,6,,
Apache Commons Collections,org.apache.commons.collections4.iterators,EmptyOrderedMapIterator,0,10,0,0,0,4,0,3,0,3,,
Apache Commons Collections,org.apache.commons.collections4.iterators,NodeListIterator,0,69,2,6,0,13,2,7,0,5,,
Apache Commons Collections,org.apache.commons.collections4.iterators,AbstractEmptyMapIterator,0,18,0,0,0,5,0,4,0,4,,
Apache Commons Collections,org.apache.commons.collections4.iterators,AbstractIteratorDecorator,0,8,0,0,0,3,0,2,0,2,,
Apache Commons Collections,org.apache.commons.collections4.iterators,ObjectGraphIterator,0,195,0,30,0,56,0,23,0,8,,
Apache Commons Collections,org.apache.commons.collections4.iterators,UnmodifiableIterator,0,35,0,2,0,11,0,6,0,5,,
Apache Commons Collections,org.apache.commons.collections4.iterators,IteratorIterable,4,14,0,0,2,3,1,3,1,3,,
Apache Commons Collections,org.apache.commons.collections4.iterators,LazyIteratorChain,0,99,0,12,0,28,0,11,0,5,,
Apache Commons Collections,org.apache.commons.collections4.iterators,AbstractMapIteratorDecorator,37,0,0,0,11,0,8,0,8,0,,
Apache Commons Collections,org.apache.commons.collections4.iterators,AbstractOrderedMapIteratorDecorator,45,0,0,0,13,0,10,0,10,0,,
Apache Commons Collections,org.apache.commons.collections4.iterators,UnmodifiableListIterator,0,61,0,2,0,17,0,12,0,11,,
Apache Commons Collections,org.apache.commons.collections4.iterators,LoopingListIterator,16,133,3,19,4,37,4,20,1,12,,
Apache Commons Collections,org.apache.commons.collections4.iterators,BoundedIterator,0,118,0,16,0,30,0,14,0,6,,
Apache Commons Collections,org.apache.commons.collections4.iterators,PeekingIterator,7,127,2,22,3,35,2,18,0,8,,
Apache Commons Collections,org.apache.commons.collections4.iterators,SingletonListIterator,0,127,2,26,0,32,2,23,0,11,,
Apache Commons Collections,org.apache.commons.collections4.iterators,UnmodifiableMapIterator,0,48,0,2,0,14,0,9,0,8,,
Apache Commons Collections,org.apache.commons.collections4.iterators,EmptyListIterator,2,12,0,0,1,5,1,3,1,3,,
Apache Commons Collections,org.apache.commons.collections4.iterators,FilterListIterator,68,191,6,30,18,58,15,24,9,12,,
Apache Commons Collections,org.apache.commons.collections4.iterators,ZippingIterator,0,136,0,12,0,34,0,12,0,6,,
Apache Commons Collections,org.apache.commons.collections4.iterators,CollatingIterator,31,361,3,39,8,94,5,38,2,20,,
Apache Commons Collections,org.apache.commons.collections4.iterators,UniqueFilterIterator,0,5,0,0,0,2,0,1,0,1,,
Apache Commons Collections,org.apache.commons.collections4.iterators,PermutationIterator,0,259,0,32,0,44,0,20,0,4,,
Apache Commons Collections,org.apache.commons.collections4.iterators,PushbackIterator,5,56,2,6,2,12,2,8,0,6,,
Apache Commons Collections,org.apache.commons.collections4.iterators,IteratorEnumeration,7,17,0,0,4,6,2,4,2,4,,
Apache Commons Collections,org.apache.commons.collections4.iterators,EntrySetMapIterator,121,0,10,0,31,0,14,0,9,0,,
Apache Commons Collections,org.apache.commons.collections4.iterators,EmptyOrderedIterator,0,10,0,0,0,4,0,3,0,3,,
Apache Commons Collections,org.apache.commons.collections4.iterators,ArrayIterator,9,122,0,10,3,28,3,13,3,8,,
Apache Commons Collections,org.apache.commons.collections4.iterators,AbstractEmptyIterator,0,37,0,0,0,12,0,11,0,11,,
Apache Commons Collections,org.apache.commons.collections4.iterators,ListIteratorWrapper,36,254,7,31,10,60,7,23,2,9,,
Apache Commons Collections,org.apache.commons.collections4.iterators,ObjectArrayListIterator,6,112,0,8,3,23,1,14,1,10,,
Apache Commons Collections,org.apache.commons.collections4.bloomfilter.hasher,HashFunctionIdentityImpl,0,56,0,0,0,19,0,7,0,7,,
Apache Commons Collections,org.apache.commons.collections4.bloomfilter.hasher,DynamicHasher,0,85,0,6,0,16,0,6,0,3,,
Apache Commons Collections,org.apache.commons.collections4.bloomfilter.hasher,Shape,0,408,0,24,0,77,0,32,0,20,,
Apache Commons Collections,org.apache.commons.collections4.bloomfilter.hasher,HashFunctionIdentity,0,24,0,0,0,3,0,1,0,1,,
Apache Commons Collections,org.apache.commons.collections4.bloomfilter.hasher,DynamicHasher,0,33,0,2,0,8,0,4,0,3,,
Apache Commons Collections,org.apache.commons.collections4.bloomfilter.hasher,HashFunctionIdentity,0,24,0,0,0,3,0,1,0,1,,
Apache Commons Collections,org.apache.commons.collections4.bloomfilter.hasher,StaticHasher,0,167,0,10,0,34,0,13,0,8,,
Apache Commons Collections,org.apache.commons.collections4.bloomfilter.hasher,HashFunctionIdentity,0,44,0,0,0,4,0,2,0,2,,
Apache Commons Collections,org.apache.commons.collections4.bloomfilter.hasher,DynamicHasher,0,11,0,0,0,3,0,3,0,3,,
Apache Commons Collections,org.apache.commons.collections4.bloomfilter.hasher,HashFunctionValidator,0,64,0,8,0,10,0,7,0,3,,
Apache Commons Collections,org.apache.commons.collections4.bloomfilter.hasher,Hasher,0,48,0,2,0,8,0,3,0,2,,
Apache Commons Collections,org.apache.commons.collections4.bloomfilter.hasher,DynamicHasher,0,44,0,0,0,13,0,5,0,5,,
Apache Commons Collections,org.apache.commons.collections4,PredicateUtils,12,98,0,0,5,26,5,24,5,24,,
Apache Commons Collections,org.apache.commons.collections4,FunctorException,8,8,0,0,4,4,2,2,2,2,,
Apache Commons Collections,org.apache.commons.collections4,EnumerationUtils,0,61,0,6,0,14,0,7,0,4,,
Apache Commons Collections,org.apache.commons.collections4,BagUtils,8,39,0,0,3,11,3,9,3,9,,
Apache Commons Collections,org.apache.commons.collections4,IterableUtils,0,23,0,2,0,4,0,3,0,2,,
Apache Commons Collections,org.apache.commons.collections4,ListUtils,0,19,0,0,0,8,0,5,0,5,,
Apache Commons Collections,org.apache.commons.collections4,SetUtils,37,180,1,21,11,43,12,26,11,16,,
Apache Commons Collections,org.apache.commons.collections4,ComparatorUtils,10,99,3,13,3,24,4,15,1,10,,
Apache Commons Collections,org.apache.commons.collections4,IterableUtils,0,11,0,0,0,4,0,2,0,2,,
Apache Commons Collections,org.apache.commons.collections4,FluentIterable,0,187,0,2,0,44,0,35,0,34,,
Apache Commons Collections,org.apache.commons.collections4,SetUtils,13,41,5,3,1,4,4,5,1,4,,
Apache Commons Collections,org.apache.commons.collections4,SetUtils,0,33,0,4,0,3,0,5,0,3,,
Apache Commons Collections,org.apache.commons.collections4,SetUtils,12,41,4,0,1,4,3,4,1,4,,
Apache Commons Collections,org.apache.commons.collections4,SetUtils,0,33,0,4,0,3,0,5,0,3,,
Apache Commons Collections,org.apache.commons.collections4,CollectionUtils,0,48,0,2,0,11,0,5,0,4,,
Apache Commons Collections,org.apache.commons.collections4,IterableUtils,0,18,0,2,0,4,0,3,0,2,,
Apache Commons Collections,org.apache.commons.collections4,IteratorUtils,35,740,10,72,11,178,8,103,0,70,,
Apache Commons Collections,org.apache.commons.collections4,SetUtils,16,11,0,0,5,3,2,3,2,3,,
Apache Commons Collections,org.apache.commons.collections4,ClosureUtils,0,109,0,2,0,27,0,17,0,16,,
Apache Commons Collections,org.apache.commons.collections4,ArrayUtils,22,38,7,9,6,9,6,6,1,3,,
Apache Commons Collections,org.apache.commons.collections4,SplitMapUtils,3,36,1,5,1,9,1,4,0,2,,
Apache Commons Collections,org.apache.commons.collections4,IterableUtils,0,13,0,0,0,2,0,2,0,2,,
Apache Commons Collections,org.apache.commons.collections4,IterableUtils,0,17,0,0,0,2,0,2,0,2,,
Apache Commons Collections,org.apache.commons.collections4,IterableUtils,0,44,0,2,0,6,0,3,0,2,,
Apache Commons Collections,org.apache.commons.collections4,IterableUtils,0,16,0,0,0,2,0,2,0,2,,
Apache Commons Collections,org.apache.commons.collections4,IterableUtils,0,11,0,0,0,2,0,2,0,2,,
Apache Commons Collections,org.apache.commons.collections4,IterableUtils,0,16,0,0,0,2,0,2,0,2,,
Apache Commons Collections,org.apache.commons.collections4,IterableUtils,0,16,0,0,0,2,0,2,0,2,,
Apache Commons Collections,org.apache.commons.collections4,IterableUtils,0,22,0,0,0,2,0,2,0,2,,
Apache Commons Collections,org.apache.commons.collections4,IterableUtils,0,18,0,0,0,2,0,2,0,2,,
Apache Commons Collections,org.apache.commons.collections4,CollectionUtils,34,1515,17,253,7,357,16,192,0,73,,
Apache Commons Collections,org.apache.commons.collections4,IterableUtils,0,11,0,0,0,2,0,2,0,2,,
Apache Commons Collections,org.apache.commons.collections4,IterableUtils,0,5,0,0,0,2,0,2,0,2,,
Apache Commons Collections,org.apache.commons.collections4,MultiMapUtils,29,77,4,16,8,22,8,14,4,8,,
Apache Commons Collections,org.apache.commons.collections4,TrieUtils,0,3,0,0,0,1,0,1,0,1,,
Apache Commons Collections,org.apache.commons.collections4,IterableUtils,43,512,0,42,4,113,4,61,4,40,,
Apache Commons Collections,org.apache.commons.collections4,ArrayStack,23,70,6,10,6,24,6,10,2,6,,
Apache Commons Collections,org.apache.commons.collections4,FactoryUtils,0,21,0,0,0,6,0,6,0,6,,
Apache Commons Collections,org.apache.commons.collections4,MapUtils,73,1146,10,142,19,236,26,144,16,78,,
Apache Commons Collections,org.apache.commons.collections4,CollectionUtils,2,32,1,1,1,9,1,4,0,4,,
Apache Commons Collections,org.apache.commons.collections4,IterableUtils,0,16,0,0,0,2,0,2,0,2,,
Apache Commons Collections,org.apache.commons.collections4,IterableUtils,4,20,1,1,0,5,1,2,0,2,,
Apache Commons Collections,org.apache.commons.collections4,ListUtils,43,377,7,55,8,90,11,44,5,19,,
Apache Commons Collections,org.apache.commons.collections4,QueueUtils,0,22,0,0,0,6,0,6,0,6,,
Apache Commons Collections,org.apache.commons.collections4,ListUtils,34,48,2,2,3,11,3,3,1,3,,
Apache Commons Collections,org.apache.commons.collections4,MultiSetUtils,0,18,0,0,0,6,0,5,0,5,,
Apache Commons Collections,org.apache.commons.collections4,ListUtils,0,16,0,0,0,5,0,3,0,3,,
Apache Commons Collections,org.apache.commons.collections4,MapUtils,0,4,0,0,0,1,0,1,0,1,,
Apache Commons Collections,org.apache.commons.collections4,MapUtils,0,4,0,0,0,1,0,1,0,1,,
Apache Commons Collections,org.apache.commons.collections4,SplitMapUtils,30,79,4,4,6,17,8,12,4,12,,
Apache Commons Collections,org.apache.commons.collections4,TransformerUtils,0,134,0,2,0,33,0,24,0,23,,
Apache Commons Collections,org.apache.commons.collections4,CollectionUtils,0,51,0,2,0,12,0,7,0,6,,
Apache Commons Collections,org.apache.commons.collections4,SplitMapUtils,3,82,3,3,1,20,3,15,0,15,,
Apache Commons Collections,org.apache.commons.collections4.bloomfilter,BitSetBloomFilter,0,171,0,12,0,42,0,17,0,11,,
Apache Commons Collections,org.apache.commons.collections4.bloomfilter,AbstractBloomFilter,0,272,0,22,0,58,0,26,0,15,,
Apache Commons Collections,org.apache.commons.collections4.bloomfilter,HasherBloomFilter,12,206,5,17,0,52,5,17,0,11,,
Apache Commons Collections,org.apache.commons.collections4.bloomfilter,ArrayCountingBloomFilter,4,56,1,7,1,11,1,7,0,4,,
Apache Commons Collections,org.apache.commons.collections4.bloomfilter,BloomFilterIndexer,0,23,0,2,0,5,0,4,0,3,,
Apache Commons Collections,org.apache.commons.collections4.bloomfilter,ArrayCountingBloomFilter,0,336,0,26,0,78,0,38,0,25,,
Apache Commons Collections,org.apache.commons.collections4.bloomfilter,IndexFilters,0,33,0,2,0,9,0,3,0,2,,
Apache Commons Collections,org.apache.commons.collections4.bloomfilter,SetOperations,0,160,0,6,0,27,0,12,0,9,,
Apache Commons Collections,org.apache.commons.collections4.multiset,AbstractMapMultiSet,18,6,4,0,4,3,4,1,2,1,,
Apache Commons Collections,org.apache.commons.collections4.multiset,AbstractMapMultiSet,0,53,0,2,0,16,0,4,0,3,,
Apache Commons Collections,org.apache.commons.collections4.multiset,SynchronizedMultiSet,0,5,0,0,0,2,0,1,0,1,,
Apache Commons Collections,org.apache.commons.collections4.multiset,AbstractMultiSet,57,14,10,0,15,5,7,3,2,3,,
Apache Commons Collections,org.apache.commons.collections4.multiset,AbstractMultiSetDecorator,29,29,0,4,7,6,6,7,6,5,,
Apache Commons Collections,org.apache.commons.collections4.multiset,AbstractMultiSet,45,19,12,0,9,2,8,2,2,2,,
Apache Commons Collections,org.apache.commons.collections4.multiset,HashMultiSet,0,30,0,0,0,12,0,4,0,4,,
Apache Commons Collections,org.apache.commons.collections4.multiset,SynchronizedMultiSet,18,115,0,2,4,22,2,11,2,10,,
Apache Commons Collections,org.apache.commons.collections4.multiset,AbstractMapMultiSet,4,112,1,13,1,26,1,10,0,4,,
Apache Commons Collections,org.apache.commons.collections4.multiset,AbstractMapMultiSet,14,427,5,43,3,102,5,40,0,21,,
Apache Commons Collections,org.apache.commons.collections4.multiset,AbstractMultiSet,0,41,0,2,0,10,0,8,0,7,,
Apache Commons Collections,org.apache.commons.collections4.multiset,AbstractMapMultiSet,0,16,0,0,0,5,0,3,0,3,,
Apache Commons Collections,org.apache.commons.collections4.multiset,AbstractMultiSet,29,55,4,6,8,13,3,6,1,3,,
Apache Commons Collections,org.apache.commons.collections4.multiset,PredicatedMultiSet,9,59,0,4,2,12,1,12,1,10,,
Apache Commons Collections,org.apache.commons.collections4.multiset,AbstractMapMultiSet,18,34,2,0,6,10,2,3,1,3,,
Apache Commons Collections,org.apache.commons.collections4.multiset,AbstractMultiSet,179,131,27,19,44,33,24,22,9,14,,
Apache Commons Collections,org.apache.commons.collections4.multiset,UnmodifiableMultiSet,0,90,0,2,0,27,0,18,0,17,,
Apache Commons Collections,org.apache.commons.collections4.queue,SynchronizedQueue,5,97,0,2,2,20,1,11,1,10,,
Apache Commons Collections,org.apache.commons.collections4.queue,AbstractQueueDecorator,20,12,0,0,6,4,5,3,5,3,,
Apache Commons Collections,org.apache.commons.collections4.queue,TransformedQueue,0,77,1,3,0,16,1,10,0,9,,
Apache Commons Collections,org.apache.commons.collections4.queue,CircularFifoQueue,0,192,0,18,0,32,0,13,0,4,,
Apache Commons Collections,org.apache.commons.collections4.queue,CircularFifoQueue,0,358,1,45,0,91,1,43,0,21,,
Apache Commons Collections,org.apache.commons.collections4.queue,PredicatedQueue,0,39,0,0,0,10,0,8,0,8,,
Apache Commons Collections,org.apache.commons.collections4.queue,UnmodifiableQueue,0,76,0,2,0,23,0,16,0,15,,
